{
  "MiniMax-M2-her": {
    "length": 116.07712418300653,
    "action": 0.9764705882352941,
    "question": 0.18387799564270152,
    "lexical": 0.9071642428588705,
    "repetition": 0.01191036206701928,
    "discrim": NaN,
    "homo": 0.08512850521235435,
    "treadmill": -0.2980392156862745,
    "scene_drive": 0.481917211328976
  },
  "claude-opus-4.5-highthinking": {
    "length": 501.24183006535947,
    "action": 0.9590413943355119,
    "question": 0.2823529411764706,
    "lexical": 0.9344456803856136,
    "repetition": 0.009955698615949282,
    "discrim": 0.6842105263157895,
    "homo": 0.05746642483284736,
    "treadmill": -0.3233115468409586,
    "scene_drive": 0.6056644880174292
  },
  "claude-opus-4.5-lowthinking": {
    "length": 216.15599128540305,
    "action": 0.8723311546840958,
    "question": 0.20871459694989106,
    "lexical": 0.9288876781394699,
    "repetition": 0.003135259732392372,
    "discrim": 0.65,
    "homo": 0.04691276400695661,
    "treadmill": -0.26448801742919387,
    "scene_drive": 0.47320261437908495
  },
  "claude-sonnet-4.5": {
    "length": 682.604357298475,
    "action": 0.9982570806100218,
    "question": 0.39128540305010895,
    "lexical": 0.9406995427017674,
    "repetition": 0.03782051241109753,
    "discrim": 0.8,
    "homo": 0.04533104999405541,
    "treadmill": -0.01917211328976035,
    "scene_drive": 0.41045751633986927
  },
  "deepseek-v3.1": {
    "length": 454.3381263616558,
    "action": 0.9991285403050109,
    "question": 0.34335511982570804,
    "lexical": 0.9161043134346805,
    "repetition": 0.04748990329566653,
    "discrim": 0.8571428571428571,
    "homo": 0.06663498255653355,
    "treadmill": -0.3394335511982571,
    "scene_drive": 0.6827886710239651
  },
  "deepseek-v3.2": {
    "length": 3229.136383442266,
    "action": 0.9847494553376906,
    "question": 0.563834422657952,
    "lexical": 0.9047336546780373,
    "repetition": 0.22635765730202043,
    "discrim": 0.7333333333333333,
    "homo": 0.10285205373868363,
    "treadmill": -0.021350762527233117,
    "scene_drive": 0.5851851851851851
  },
  "doubao-1.5-pro": {
    "length": 140.54553376906318,
    "action": 0.9712418300653595,
    "question": 0.25010893246187366,
    "lexical": 0.8837127988510985,
    "repetition": 0.010981293067777075,
    "discrim": 1.0,
    "homo": 0.09383516609762053,
    "treadmill": -0.17342047930283225,
    "scene_drive": 0.4235294117647059
  },
  "gemini-2.5-pro": {
    "length": 106.19825708061002,
    "action": 0.9450980392156862,
    "question": 0.17254901960784313,
    "lexical": 0.8813854497503324,
    "repetition": 0.011101178656617057,
    "discrim": NaN,
    "homo": 0.09448690786713278,
    "treadmill": -0.1372549019607843,
    "scene_drive": 0.30980392156862746
  },
  "gemini-3-pro": {
    "length": 157.4814814814815,
    "action": 0.9991285403050109,
    "question": 0.17952069716775598,
    "lexical": 0.9426260701004882,
    "repetition": 0.0025196064048335935,
    "discrim": 0.625,
    "homo": 0.06750669074752326,
    "treadmill": -0.5969498910675382,
    "scene_drive": 0.7764705882352941
  },
  "gpt-5.1": {
    "length": 799.683660130719,
    "action": 0.9986928104575163,
    "question": 0.3577342047930283,
    "lexical": 0.9423062662217279,
    "repetition": 0.01742521920789794,
    "discrim": 0.6444444444444445,
    "homo": 0.0629712171445397,
    "treadmill": -0.4156862745098039,
    "scene_drive": 0.7734204793028322
  },
  "grok-4.1": {
    "length": 486.0522875816993,
    "action": 0.9864923747276688,
    "question": 0.6030501089324619,
    "lexical": 0.9476208132492894,
    "repetition": 0.010977814997269934,
    "discrim": 0.7380952380952381,
    "homo": 0.02557781644189917,
    "treadmill": -0.04139433551198257,
    "scene_drive": 0.6444444444444445
  }
}